id;name;capacity
b0f4ad5c-7a23-475f-aeda-87da3d18c2d9;array Mouse high-level;43003
84065498-4d52-4b9f-93ee-20d84c0dd74e;Congelado maximize à;89056
b9c44514-4fef-44e7-a69a-784058111b79;Bedfordshire deposit;18829
f89ac04e-1532-43e6-9ad5-8a212eb927b0;modular firmware;36621
da7d394e-2001-4707-9728-0187577afb42;deposit Aço;15646
e493e89f-d3db-4290-a9dd-506eaefb14bb;deposit;88401
cd0818a0-3960-464a-b8e9-9302c322e2cd;magenta Account to;29232
71a34b2b-00f5-4044-ad07-14f7903c5110;Nuevo e-tailers Card;52323
cf7d0a01-d380-4a81-aeaf-60d1e0fdc367;coral;63531
ef4c24df-87b2-4726-b5ee-771a7b1fae92;iterate Carro invoice;90563
