id;first_name;last_name
180c2605-98e5-4685-a061-6b41515b6401;"Erimr9";Saraiva
0c14f1ad-e9f9-4f0c-ba2b-2e04aff87299;"Eimtfji4";Moreira
b93eeaf5-8f1e-4709-8482-63e30ac14e98;"Ngu7";Braga
7e7bffc0-a5aa-462b-b7c0-1e2f019b01f9;"Tch9";Batista
073bdc33-d272-43d0-8f32-1b18de320d46;"Nba1";Martins
36f52811-e245-4ea4-9240-1f9c84e707d6;"Ixiss5";Barros
b4f1e78d-8222-4368-ad9f-c76266ed607b;"Evx7";Melo
71122bc9-746c-4513-95ff-b0439797f6cc;"Bkt8";Pereira
f55b5fa8-8771-402e-88bb-72d6b600b3d5;"Riyhzbt7";Martins
44170b30-004e-4b35-b5d6-fc8ec68f9aaf;"Dqmbb2";Carvalho
